first_name,last_name,email,gender,phone_number
Jessika,Daniaud,jdaniaud0@digg.com,Female,759-581-8203
Brander,Hasson,bhasson1@sogou.com,Male,802-705-9700
Antonina,Caplis,acaplis2@google.fr,Female,980-115-5748
Fern,Mycock,fmycock3@drupal.org,Female,450-177-2156
Kaylee,Lawlance,klawlance4@princeton.edu,Female,771-349-2926
Chris,Behagg,cbehagg5@zdnet.com,Female,697-512-8380
Harp,Bythway,hbythway6@csmonitor.com,Male,135-461-6483
Veronika,Guite,vguite7@163.com,Female,762-226-2756
Devland,Hazley,dhazley8@bandcamp.com,Male,529-364-6763
Fee,Tillett,ftillett9@multiply.com,Male,826-257-1102
Lionello,Plunket,lplunketa@ocn.ne.jp,Male,877-805-8060
Kore,Honacker,khonackerb@xrea.com,Female,871-494-7920
Sullivan,Fitzharris,sfitzharrisc@symantec.com,Male,334-585-0807
Sibylle,Titchen,stitchend@163.com,Female,582-998-3452
Jeremy,Sokell,jsokelle@admin.ch,Male,410-728-0496
Petra,Eskrigg,peskriggf@mediafire.com,Female,431-441-9670
Oralle,Powderham,opowderhamg@boston.com,Non-binary,957-163-4276
Frederic,Kepp,fkepph@google.nl,Male,640-976-6775
Mandel,Dempster,mdempsteri@surveymonkey.com,Male,291-327-2316
Cosimo,Kember,ckemberj@xrea.com,Male,725-199-1146
Hale,Murty,hmurtyk@360.cn,Male,439-224-9673
Cris,McKnockiter,cmcknockiterl@free.fr,Male,662-930-4762
Violet,Shepton,vsheptonm@pen.io,Female,483-629-0924
Greggory,Dobbson,gdobbsonn@timesonline.co.uk,Male,835-885-4947
Brody,Nardoni,bnardonio@reference.com,Male,111-142-7916
Patton,Pountain,ppountainp@imgur.com,Male,326-122-3325
Marlyn,Blaxill,mblaxillq@creativecommons.org,Female,417-956-9869
Billie,Schust,bschustr@storify.com,Male,669-537-9560
Karlotta,Haxley,khaxleys@europa.eu,Female,959-572-9346
Humphrey,Mattedi,hmattedit@a8.net,Genderqueer,240-179-6746
Frankie,Winckles,fwincklesu@china.com.cn,Female,346-788-6933
Noe,Larsen,nlarsenv@delicious.com,Male,765-962-0289
Shawn,Benford,sbenfordw@last.fm,Male,255-702-8321
Gisella,Conew,gconewx@surveymonkey.com,Female,709-463-2116
Lucretia,Casari,lcasariy@storify.com,Female,876-851-5658
Audi,Rowberry,arowberryz@skype.com,Female,217-279-1231
Holt,Rash,hrash10@cornell.edu,Male,302-274-1644
Dinah,Burnapp,dburnapp11@exblog.jp,Female,756-401-6184
Hal,Frostdyke,hfrostdyke12@soundcloud.com,Male,255-970-0132
Marsh,Frankton,mfrankton13@narod.ru,Male,916-933-3447
Woodrow,Sidwick,wsidwick14@pagesperso-orange.fr,Male,722-911-0178
Rockie,Prendergrast,rprendergrast15@webs.com,Male,285-857-6845
Ardeen,Dows,adows16@chronoengine.com,Female,434-363-5137
Tanner,Borrie,tborrie17@rambler.ru,Male,172-331-6669
Thor,Fridd,tfridd18@dropbox.com,Male,468-614-7052
Egor,Charter,echarter19@shop-pro.jp,Male,700-912-0906
Nannette,Abbis,nabbis1a@ocn.ne.jp,Female,385-340-3349
Penny,Lettington,plettington1b@reference.com,Female,428-764-0689
Nilson,Izakovitz,nizakovitz1c@time.com,Male,925-335-2598
Esmeralda,Willmer,ewillmer1d@fema.gov,Female,146-257-4449
Molli,Balsillie,mbalsillie1e@flavors.me,Female,628-716-0422
Ephrayim,Bassil,ebassil1f@biglobe.ne.jp,Male,224-348-6949
Odessa,Petracci,opetracci1g@uiuc.edu,Female,514-974-4013
Selie,Gillinghams,sgillinghams1h@twitter.com,Female,927-270-2746
Doretta,Bau,dbau1i@unesco.org,Non-binary,195-716-5328
Dillon,Barrows,dbarrows1j@freewebs.com,Male,965-127-9244
Auroora,Arnholz,aarnholz1k@friendfeed.com,Female,221-583-6932
Reinwald,Cuvley,rcuvley1l@mtv.com,Male,872-583-9122
Rubin,Youson,ryouson1m@xinhuanet.com,Male,983-269-2025
Riley,Labrow,rlabrow1n@mediafire.com,Male,874-709-5505
Ramsay,Cristou,rcristou1o@free.fr,Male,670-259-7325
Garret,Crickmore,gcrickmore1p@chronoengine.com,Male,827-958-8406
Alfonse,Comello,acomello1q@chronoengine.com,Male,631-114-1993
Ximenes,Croasdale,xcroasdale1r@phpbb.com,Male,497-563-6967
Shae,Brimacombe,sbrimacombe1s@google.com.hk,Female,186-390-0375
Erin,Bills,ebills1t@prweb.com,Male,509-297-3223
Cherey,Qualtrough,cqualtrough1u@nasa.gov,Female,465-734-5035
Baxter,Buggs,bbuggs1v@ox.ac.uk,Male,546-822-7006
Kristen,Barwise,kbarwise1w@creativecommons.org,Female,528-104-8541
Thomasine,Durning,tdurning1x@google.com.au,Female,953-966-9231
Gustav,Gothup,ggothup1y@loc.gov,Agender,512-622-9158
Bonni,Wren,bwren1z@cloudflare.com,Polygender,752-507-4745
Dorena,Quirk,dquirk20@bing.com,Female,340-515-7601
Derick,Lucey,dlucey21@intel.com,Male,383-764-6209
Jacintha,Ellwell,jellwell22@nsw.gov.au,Female,688-590-1822
Stern,Leyden,sleyden23@blinklist.com,Male,552-410-8289
Morgan,McPherson,mmcpherson24@e-recht24.de,Female,349-112-1605
Shepherd,Vanyashin,svanyashin25@java.com,Male,940-462-9594
Gabriel,Blades,gblades26@wikia.com,Female,315-768-2260
Trever,Berns,tberns27@elegantthemes.com,Genderqueer,207-622-0306
Conney,Pulster,cpulster28@scribd.com,Male,902-609-0615
Karly,Furlonge,kfurlonge29@blogger.com,Female,886-587-5057
Sella,Hamson,shamson2a@pen.io,Female,488-343-6710
Hewie,Seiller,hseiller2b@salon.com,Male,464-566-3135
Adelind,Bosher,abosher2c@sina.com.cn,Female,724-346-3731
Nikolaos,Cleife,ncleife2d@networksolutions.com,Male,811-390-3173
Adel,Birks,abirks2e@paypal.com,Female,661-498-6557
Sibyl,Eliot,seliot2f@fc2.com,Male,514-622-9992
Dyanna,Ogbourne,dogbourne2g@purevolume.com,Non-binary,658-478-9842
Abdel,Barth,abarth2h@omniture.com,Non-binary,314-986-8871
Thomasin,Wrankmore,twrankmore2i@shop-pro.jp,Female,614-875-8037
Rochester,Deyes,rdeyes2j@skype.com,Male,645-211-0203
Nancey,Trehearn,ntrehearn2k@nyu.edu,Female,279-114-2869
Lib,Corbitt,lcorbitt2l@wiley.com,Polygender,674-143-1716
Evangelia,Hancke,ehancke2m@so-net.ne.jp,Female,892-890-7698
Madella,Roxbrough,mroxbrough2n@ft.com,Agender,460-344-9855
Bernardine,Sparway,bsparway2o@4shared.com,Female,692-507-8345
Moises,Chater,mchater2p@sbwire.com,Male,566-595-0092
Archaimbaud,Warlowe,awarlowe2q@flavors.me,Male,234-570-4662
Renee,Lathwell,rlathwell2r@apple.com,Female,960-507-4105
Lauretta,Abreheart,labreheart2s@gmpg.org,Female,466-986-4282
Durant,Nield,dnield2t@whitehouse.gov,Male,177-780-6534
Aylmar,Hellewell,ahellewell2u@vinaora.com,Male,569-350-2290
Markus,Feyer,mfeyer2v@va.gov,Male,175-556-0204
Margarethe,Mugford,mmugford2w@harvard.edu,Female,138-465-4124
Arabele,Hasnip,ahasnip2x@washingtonpost.com,Female,890-702-9842
Lorianne,Childs,lchilds2y@edublogs.org,Female,513-913-8969
Tarra,Aiton,taiton2z@spotify.com,Female,263-705-1785
Athena,Benbough,abenbough30@twitter.com,Female,923-536-3399
Nadiya,Ferronet,nferronet31@flavors.me,Female,856-997-5174
Justina,Ginner,jginner32@cbc.ca,Polygender,476-246-3978
Alia,Blatherwick,ablatherwick33@irs.gov,Female,255-299-9070
Olwen,Brickdale,obrickdale34@tiny.cc,Female,405-887-6650
Sam,Donavan,sdonavan35@exblog.jp,Male,482-400-7368
Gilbertine,Austick,gaustick36@about.me,Female,985-283-2313
Dyanne,McAne,dmcane37@meetup.com,Female,775-350-1584
Rozelle,de Mendoza,rdemendoza38@trellian.com,Female,630-918-2757
Maurizio,Frend,mfrend39@utexas.edu,Male,411-249-6071
Templeton,Presslie,tpresslie3a@statcounter.com,Male,524-857-0914
Angelo,Brastead,abrastead3b@chicagotribune.com,Male,235-691-9087
Virgie,Polle,vpolle3c@un.org,Female,113-840-0429
Callie,Beggin,cbeggin3d@domainmarket.com,Female,593-768-0946
Janos,Kebbell,jkebbell3e@amazon.co.jp,Male,196-456-3204
Roxane,Hort,rhort3f@intel.com,Female,193-133-6619
James,Wing,jwing3g@xrea.com,Male,201-277-3325
Briney,Nabbs,bnabbs3h@princeton.edu,Female,228-543-1083
Garek,Gascoine,ggascoine3i@nasa.gov,Agender,243-388-9032
Hieronymus,McDiarmid,hmcdiarmid3j@xinhuanet.com,Male,203-806-8611
Stafford,Booth,sbooth3k@ovh.net,Male,965-707-5478
Antonella,Tinsley,atinsley3l@printfriendly.com,Female,868-422-3951
Homere,Japp,hjapp3m@nytimes.com,Male,265-476-1608
Laureen,Duck,lduck3n@parallels.com,Female,555-689-2215
Way,Eagling,weagling3o@soundcloud.com,Male,710-801-7194
Gino,Hawtin,ghawtin3p@histats.com,Male,860-974-1887
Chris,Hadlee,chadlee3q@marriott.com,Female,859-585-0621
Jarred,Dayes,jdayes3r@usatoday.com,Male,149-779-9876
Oneida,Tummons,otummons3s@phpbb.com,Female,785-354-9390
Raimundo,Pedrielli,rpedrielli3t@lulu.com,Male,270-804-9594
Rurik,Poxson,rpoxson3u@tinyurl.com,Male,181-287-4475
Astrid,Butler-Bowdon,abutlerbowdon3v@cocolog-nifty.com,Genderfluid,214-325-0989
Garrik,Mathon,gmathon3w@nifty.com,Male,838-906-0206
Barby,Aldrin,baldrin3x@zdnet.com,Female,874-210-1306
Jacenta,Bellew,jbellew3y@miibeian.gov.cn,Female,812-152-8639
Jada,Bramwell,jbramwell3z@exblog.jp,Female,498-826-3270
Sharl,Dennington,sdennington40@ebay.com,Female,459-479-2862
Ashley,Mingame,amingame41@jigsy.com,Genderfluid,432-614-1053
Aymer,Malyan,amalyan42@upenn.edu,Male,369-717-7435
Ninetta,Berthome,nberthome43@narod.ru,Female,605-816-8012
Verina,Manktelow,vmanktelow44@ucsd.edu,Female,844-963-1087
Cazzie,Schruur,cschruur45@creativecommons.org,Male,104-473-5370
Roseanne,Kalinsky,rkalinsky46@netlog.com,Female,801-871-3083
Archaimbaud,Cronin,acronin47@digg.com,Male,207-609-4324
Patten,Eacle,peacle48@ca.gov,Male,110-246-5809
Tobye,Milesop,tmilesop49@soundcloud.com,Female,203-649-0152
Xerxes,Minchella,xminchella4a@php.net,Male,429-299-9095
Rafa,Iannazzi,riannazzi4b@myspace.com,Female,169-449-2550
Shelton,Cargill,scargill4c@blogs.com,Male,995-229-8626
Hughie,Tayt,htayt4d@disqus.com,Male,573-856-4811
Delora,Robert,drobert4e@wikispaces.com,Genderqueer,443-176-3744
Gustavus,Van der Hoeven,gvanderhoeven4f@mac.com,Male,869-750-4349
Giacopo,Allaway,gallaway4g@latimes.com,Male,445-855-1362
Roselin,Marrow,rmarrow4h@soup.io,Female,791-568-3601
Jocelyn,Impy,jimpy4i@amazon.co.jp,Female,191-126-1978
Meg,Doubrava,mdoubrava4j@adobe.com,Female,210-163-9484
Sherilyn,Callow,scallow4k@eepurl.com,Female,360-712-5761
Lian,Gommes,lgommes4l@deviantart.com,Female,791-372-2448
Paulita,Traynor,ptraynor4m@discuz.net,Bigender,390-688-7094
Ailee,Croydon,acroydon4n@techcrunch.com,Female,364-362-7959
Peadar,Haughin,phaughin4o@nps.gov,Male,890-870-5786
Peggie,Paliser,ppaliser4p@ning.com,Female,995-739-2188
Beck,Copland,bcopland4q@oracle.com,Male,896-119-1325
Pete,Petric,ppetric4r@ehow.com,Male,902-155-9403
Selie,Stains,sstains4s@yolasite.com,Female,890-653-1584
Leeanne,Wattins,lwattins4t@mlb.com,Female,124-346-1141
Pace,Bellingham,pbellingham4u@nps.gov,Male,484-342-7824
Sella,Trounson,strounson4v@gov.uk,Female,578-386-6405
Tedda,Lodwick,tlodwick4w@facebook.com,Female,468-934-4368
Rodolphe,Nel,rnel4x@fc2.com,Male,608-308-6228
Perkin,Ariss,pariss4y@utexas.edu,Male,838-856-8293
Ayn,Attridge,aattridge4z@list-manage.com,Female,185-948-5512
Thaine,Swire,tswire50@cnn.com,Male,924-831-8720
Inesita,Tripon,itripon51@fda.gov,Female,479-277-9161
Rosmunda,Darch,rdarch52@wufoo.com,Female,651-923-2495
Nil,Gutherson,ngutherson53@admin.ch,Male,581-216-5055
Elden,Dilrew,edilrew54@infoseek.co.jp,Male,629-377-0766
Gaby,Mascall,gmascall55@blogspot.com,Male,828-188-0316
Stavros,McDyer,smcdyer56@webnode.com,Polygender,781-754-9347
Niles,Breukelman,nbreukelman57@tinyurl.com,Male,964-769-6720
Derrik,Enderle,denderle58@umich.edu,Male,462-496-5342
Gregoire,Spendley,gspendley59@pagesperso-orange.fr,Male,964-944-6355
Juliana,Santo,jsanto5a@discuz.net,Female,569-394-7522
Annmarie,MacPaden,amacpaden5b@wikipedia.org,Non-binary,364-780-2544
Lauree,Vila,lvila5c@wikimedia.org,Female,800-131-6442
Deeanne,Ionesco,dionesco5d@time.com,Female,239-751-5408
Alyss,Gladyer,agladyer5e@google.co.jp,Female,416-812-1122
Shelia,Dunstall,sdunstall5f@msu.edu,Female,289-149-8598
Kimbra,Hubbucke,khubbucke5g@wikipedia.org,Female,768-543-2989
Baxy,Hadlow,bhadlow5h@chron.com,Male,956-237-8605
Kevina,Jaumet,kjaumet5i@home.pl,Female,101-182-6341
Pippa,Sloy,psloy5j@mit.edu,Female,948-674-8903
Jennine,Thecham,jthecham5k@bluehost.com,Female,210-929-7005
Hilary,Cruce,hcruce5l@stanford.edu,Female,112-760-7086
Muffin,Ralton,mralton5m@zimbio.com,Male,206-737-5174
Francklin,Sives,fsives5n@taobao.com,Male,674-469-2604
Rossy,Skin,rskin5o@google.ru,Male,223-368-1913
Gracia,Cleere,gcleere5p@t-online.de,Agender,887-734-5830
Madelina,Densham,mdensham5q@cnn.com,Female,280-866-2820
Kore,Paulillo,kpaulillo5r@dion.ne.jp,Polygender,283-683-7996
Mischa,Filchagin,mfilchagin5s@angelfire.com,Male,229-772-2847
Eben,McWilliam,emcwilliam5t@marriott.com,Male,636-154-9525
Nonnah,Stucke,nstucke5u@nature.com,Female,738-585-3420
Wileen,Abazi,wabazi5v@un.org,Female,699-943-1526
Rinaldo,Petschelt,rpetschelt5w@ycombinator.com,Male,442-257-5010
Bess,Airds,bairds5x@hatena.ne.jp,Female,231-499-3575
Ban,Ravens,bravens5y@flickr.com,Male,930-125-9696
Fairlie,Gilderoy,fgilderoy5z@adobe.com,Male,859-686-0297
Tedie,Follacaro,tfollacaro60@fastcompany.com,Male,917-156-1418
Mufinella,Anslow,manslow61@istockphoto.com,Female,388-723-3273
Alfred,D'eye,adeye62@eepurl.com,Male,316-650-5699
Myles,Decaze,mdecaze63@issuu.com,Male,393-641-7364
Lovell,Tuffrey,ltuffrey64@homestead.com,Male,862-765-9151
Ellery,Helstrip,ehelstrip65@networkadvertising.org,Male,392-834-6110
Annamarie,Stabler,astabler66@dailymail.co.uk,Female,923-434-5657
Celestyn,Cromblehome,ccromblehome67@harvard.edu,Female,829-176-3786
Kylie,Greenhall,kgreenhall68@geocities.com,Agender,496-765-8103
Tommi,Kroon,tkroon69@cargocollective.com,Female,314-624-3974
Maxy,Aleksandrov,maleksandrov6a@nytimes.com,Male,130-350-0064
Kerwin,Ebbitt,kebbitt6b@e-recht24.de,Genderqueer,643-293-2634
Fonz,Clemendot,fclemendot6c@merriam-webster.com,Male,814-173-7397
Kirsten,Ghent,kghent6d@mozilla.com,Female,970-413-2096
Callida,Curmi,ccurmi6e@apple.com,Female,559-153-0479
Miltie,Moreinu,mmoreinu6f@businesswire.com,Male,671-424-8567
Frederic,Elward,felward6g@t-online.de,Male,142-449-0963
Emilia,Pollock,epollock6h@rambler.ru,Female,893-748-4191
Ernestus,Meffen,emeffen6i@independent.co.uk,Male,296-969-7752
Michal,Linch,mlinch6j@gov.uk,Male,905-462-4019
Nelia,De Domenici,ndedomenici6k@apache.org,Female,881-952-0116
Isiahi,McCready,imccready6l@360.cn,Male,239-627-2485
Eveleen,Abbey,eabbey6m@blog.com,Female,838-670-4340
Avery,Domanski,adomanski6n@qq.com,Male,756-158-0783
Rosemonde,Brason,rbrason6o@exblog.jp,Female,256-241-2472
Hadley,Grimstead,hgrimstead6p@deliciousdays.com,Male,494-331-0984
Elihu,Shinton,eshinton6q@sciencedirect.com,Male,831-458-0835
Kordula,Brodway,kbrodway6r@indiegogo.com,Agender,597-824-3982
Garret,Featonby,gfeatonby6s@weebly.com,Male,119-724-0604
Nobie,Jina,njina6t@businessinsider.com,Male,478-555-4679
Eolande,Iacovone,eiacovone6u@shutterfly.com,Female,163-731-7385
Glynis,Endicott,gendicott6v@ebay.com,Female,628-105-3469
Shari,Pidcock,spidcock6w@sitemeter.com,Polygender,765-608-6801
Marty,Yuryatin,myuryatin6x@shareasale.com,Male,695-834-8426
Adan,Rouf,arouf6y@blog.com,Female,999-724-5114
Matelda,Rought,mrought6z@state.gov,Female,430-472-1445
Giffard,Rustadge,grustadge70@ameblo.jp,Non-binary,343-720-7530
Broddie,Kullmann,bkullmann71@xinhuanet.com,Male,542-729-1409
Candace,Busby,cbusby72@ucoz.com,Female,905-867-8349
Evan,Cudde,ecudde73@bravesites.com,Male,894-395-5276
Hendrick,Gove,hgove74@craigslist.org,Male,294-141-8758
Enoch,Hise,ehise75@ftc.gov,Male,435-337-7324
Ambur,Cosh,acosh76@simplemachines.org,Female,440-277-1505
Sebastien,Jewer,sjewer77@istockphoto.com,Male,979-844-6609
Adelice,Scatchard,ascatchard78@prweb.com,Female,638-434-4742
Chrissie,Wickardt,cwickardt79@mysql.com,Male,831-118-1714
Meggie,Ledur,mledur7a@hhs.gov,Female,442-299-7389
Nolan,Boyford,nboyford7b@rambler.ru,Male,686-505-5895
Melantha,Lemonnier,mlemonnier7c@uol.com.br,Female,614-949-5572
Brooke,Saffon,bsaffon7d@stumbleupon.com,Female,542-798-9390
Lothaire,Pipkin,lpipkin7e@lycos.com,Male,272-395-2143
Erinna,Barnham,ebarnham7f@npr.org,Female,916-798-3197
Urbain,Sarten,usarten7g@bravesites.com,Male,517-983-3129
Tammie,Arnopp,tarnopp7h@arizona.edu,Male,413-399-1504
Devan,Trelevan,dtrelevan7i@salon.com,Female,363-814-0824
Hollis,Grimoldby,hgrimoldby7j@amazon.co.uk,Male,984-911-1234
Aida,Langmuir,alangmuir7k@go.com,Female,770-131-6326
Chickie,Burlingham,cburlingham7l@vkontakte.ru,Male,446-516-4219
Ophelia,Girod,ogirod7m@nyu.edu,Female,798-230-7581
Martita,Goakes,mgoakes7n@webs.com,Female,187-349-4815
Karalynn,Castleman,kcastleman7o@desdev.cn,Polygender,892-156-4957
Flore,MacLachlan,fmaclachlan7p@blinklist.com,Female,269-600-5356
Astrix,Risdall,arisdall7q@nymag.com,Female,456-947-9896
Harmonia,Scrase,hscrase7r@cnbc.com,Female,461-496-7146
Maisey,Fevers,mfevers7s@cam.ac.uk,Female,812-523-0162
Carlynne,Dabinett,cdabinett7t@artisteer.com,Bigender,629-220-3817
Charleen,Pendreigh,cpendreigh7u@mlb.com,Female,413-623-1970
Matt,Kynman,mkynman7v@scribd.com,Male,823-255-2545
Rabbi,Driver,rdriver7w@smugmug.com,Male,186-640-8593
Tyrone,Ketts,tketts7x@vkontakte.ru,Male,255-925-6402
Vladamir,Sandifer,vsandifer7y@github.io,Male,792-512-5123
Myron,Ianittello,mianittello7z@loc.gov,Male,261-902-0375
Cacilie,MacNucator,cmacnucator80@usatoday.com,Female,933-354-5798
Alberik,Poll,apoll81@patch.com,Male,704-455-4550
Alberta,Edger,aedger82@google.co.jp,Female,823-552-6553
Vinnie,Litt,vlitt83@msu.edu,Female,483-279-8701
Skipper,Loxley,sloxley84@ocn.ne.jp,Male,874-331-3362
Jammal,MacKeeg,jmackeeg85@umich.edu,Male,240-949-3079
Adriano,Hovee,ahovee86@myspace.com,Male,240-854-8981
Carlos,Edden,cedden87@yahoo.com,Male,750-256-9430
Tiphanie,Howis,thowis88@amazon.co.uk,Polygender,455-923-6466
Sid,Toward,stoward89@xrea.com,Male,861-699-0341
Cayla,Peeke-Vout,cpeekevout8a@biglobe.ne.jp,Female,220-355-5329
Cort,Morgon,cmorgon8b@macromedia.com,Male,830-657-2831
Pattie,St Pierre,pstpierre8c@tamu.edu,Female,833-809-4414
Merrile,Tanton,mtanton8d@1688.com,Female,731-993-7461
Reese,Lodin,rlodin8e@opensource.org,Male,924-164-9280
Elna,Cantle,ecantle8f@whitehouse.gov,Female,765-475-4948
Tiphany,Ferencz,tferencz8g@discuz.net,Female,936-716-7833
Gregoire,Boice,gboice8h@diigo.com,Male,266-681-2265
Milton,Ewenson,mewenson8i@washingtonpost.com,Male,374-251-7006
Stephen,Rastrick,srastrick8j@nationalgeographic.com,Polygender,791-665-7003
Catherin,Valasek,cvalasek8k@instagram.com,Female,677-797-9103
Carling,Camier,ccamier8l@blogs.com,Agender,423-821-1521
Sarena,Gately,sgately8m@intel.com,Female,888-988-6403
Maren,Wastie,mwastie8n@unblog.fr,Agender,272-742-3471
Debby,Bricknell,dbricknell8o@skype.com,Female,700-161-8670
Curtis,Ledington,cledington8p@discuz.net,Male,177-392-0356
Lilith,Vasyutichev,lvasyutichev8q@skyrock.com,Female,515-500-1269
Felicdad,Knobell,fknobell8r@fastcompany.com,Female,933-308-0884
Masha,Kibble,mkibble8s@clickbank.net,Female,245-431-6284
Christian,Moncaster,cmoncaster8t@slate.com,Agender,510-150-9925
Zacharie,Purvess,zpurvess8u@jugem.jp,Male,782-808-3105
Tedie,Mueller,tmueller8v@spiegel.de,Male,955-322-5124
Genevra,Simmance,gsimmance8w@g.co,Female,289-509-3772
Breanne,Larmor,blarmor8x@baidu.com,Female,830-744-7020
Ryon,Tarpey,rtarpey8y@goo.ne.jp,Male,361-254-2364
Gorden,Frankis,gfrankis8z@hubpages.com,Male,542-454-8807
Frederik,Gibke,fgibke90@posterous.com,Male,459-601-7743
Kelby,Cleverley,kcleverley91@sfgate.com,Male,140-898-8284
Brittne,Hazard,bhazard92@cmu.edu,Female,452-366-5590
Robby,Statter,rstatter93@mapquest.com,Female,631-648-8772
Bobina,Lochrie,blochrie94@ocn.ne.jp,Female,462-974-4677
Rina,Harrad,rharrad95@msu.edu,Female,308-703-5392
Cecily,Enrrico,cenrrico96@blogs.com,Female,383-568-5169
Bidget,Laugier,blaugier97@baidu.com,Female,931-912-2398
Jennilee,Bullene,jbullene98@usda.gov,Female,374-699-3876
Ram,Buxey,rbuxey99@unicef.org,Genderqueer,866-695-5540
Chrysa,Irwin,cirwin9a@unc.edu,Female,173-687-8480
Gwendolyn,Flowerden,gflowerden9b@t.co,Female,184-889-1780
Christin,Zuppa,czuppa9c@t-online.de,Female,792-489-0032
Gilberta,Hardson,ghardson9d@paypal.com,Female,302-824-1087
Gabi,Morican,gmorican9e@prnewswire.com,Male,346-744-0875
Elnore,Bohike,ebohike9f@edublogs.org,Female,504-403-4099
Ilyssa,MacMakin,imacmakin9g@vimeo.com,Genderqueer,318-884-6583
Merilee,Biasioli,mbiasioli9h@elpais.com,Female,302-775-5865
Verney,Frobisher,vfrobisher9i@illinois.edu,Male,377-569-6460
Ludovico,Dwight,ldwight9j@loc.gov,Male,307-119-2469
Jonis,Keats,jkeats9k@github.io,Female,178-126-0538
Leontine,Rontree,lrontree9l@comcast.net,Female,970-436-9670
Rheta,Simonetti,rsimonetti9m@wikispaces.com,Female,372-746-5999
Penni,Sponton,psponton9n@japanpost.jp,Female,453-148-7391
Etheline,Vallance,evallance9o@census.gov,Female,404-940-1287
Daniela,Hinkensen,dhinkensen9p@godaddy.com,Female,739-580-3572
Bobbette,Quaife,bquaife9q@pcworld.com,Female,456-538-9137
Parsifal,Bowhey,pbowhey9r@plala.or.jp,Male,584-889-4143
Colan,Rumens,crumens9s@fema.gov,Male,427-621-3087
Phil,Pirri,ppirri9t@prnewswire.com,Agender,781-645-2268
Matthiew,Ind,mind9u@howstuffworks.com,Genderfluid,974-484-5665
Bea,Impett,bimpett9v@google.fr,Female,817-462-4319
Frans,Carek,fcarek9w@wikia.com,Male,413-462-5765
Pepi,Skittrall,pskittrall9x@de.vu,Female,281-595-6021
Deb,Hodcroft,dhodcroft9y@youku.com,Female,505-358-4826
Jonathan,Snuggs,jsnuggs9z@elegantthemes.com,Non-binary,560-488-6003
Shelly,Hovell,shovella0@csmonitor.com,Female,871-257-1627
Jedd,Bendell,jbendella1@webs.com,Male,216-439-4200
Gerhardine,Lightoller,glightollera2@360.cn,Female,842-910-1020
Jaquith,Pockett,jpocketta3@soundcloud.com,Female,502-648-8437
Mag,Piddocke,mpiddockea4@hibu.com,Female,815-249-5724
Editha,Linklater,elinklatera5@theguardian.com,Female,254-519-5833
Nanine,Treherne,ntrehernea6@woothemes.com,Female,616-657-6354
Evvie,Casin,ecasina7@wired.com,Female,621-555-9716
Gavra,Splevin,gsplevina8@google.com.hk,Female,706-436-9541
Beret,Curless,bcurlessa9@phoca.cz,Female,635-686-5824
Irwin,Rumens,irumensaa@biglobe.ne.jp,Male,589-674-2452
Jasmin,Jennemann,jjennemannab@quantcast.com,Female,298-206-6466
Osmond,Bagge,obaggeac@google.co.jp,Male,650-280-5784
Suzanna,Normavill,snormavillad@telegraph.co.uk,Genderqueer,794-171-9192
Brittni,Wagstaff,bwagstaffae@tumblr.com,Female,904-213-0435
Valene,Boylan,vboylanaf@topsy.com,Female,492-760-7738
Sarajane,Inder,sinderag@reuters.com,Female,223-646-9397
Charles,Jeacock,cjeacockah@princeton.edu,Male,199-879-4658
Lishe,Philott,lphilottai@mysql.com,Female,326-326-6754
Herbie,Cahen,hcahenaj@tripod.com,Male,293-892-0645
Vera,Biever,vbieverak@ibm.com,Female,965-353-1999
Laney,Spickett,lspickettal@dailymail.co.uk,Male,775-832-9281
Ruthy,Simonazzi,rsimonazziam@elpais.com,Female,469-492-7653
Harris,Merrifield,hmerrifieldan@berkeley.edu,Male,794-979-8178
Dillon,Sandeson,dsandesonao@nih.gov,Male,821-807-8467
Waldon,Trenholm,wtrenholmap@army.mil,Male,471-858-7400
Colman,Willacot,cwillacotaq@wikipedia.org,Male,200-343-7669
Celia,Kemmis,ckemmisar@guardian.co.uk,Female,234-172-2389
Joanne,Aldin,jaldinas@admin.ch,Agender,576-779-9617
Theo,Motton,tmottonat@unicef.org,Male,124-991-3604
Diena,Dofty,ddoftyau@imdb.com,Female,325-512-8796
Hetty,Pollak,hpollakav@amazon.co.uk,Female,681-257-5332
Shaylyn,Pernell,spernellaw@shop-pro.jp,Female,637-820-5064
Lucilia,Fritter,lfritterax@devhub.com,Female,272-193-0796
Marti,Filyaev,mfilyaevay@weather.com,Polygender,211-765-5896
Leesa,Dufour,ldufouraz@sourceforge.net,Female,228-715-7090
Briana,Rantoull,brantoullb0@addtoany.com,Female,850-889-0557
Babbette,De Ferraris,bdeferrarisb1@theglobeandmail.com,Female,807-177-8163
Raina,Dellenbach,rdellenbachb2@examiner.com,Female,389-157-6813
Guenna,Maddra,gmaddrab3@nyu.edu,Female,463-244-1169
Bunnie,Kleynen,bkleynenb4@bloglovin.com,Female,797-558-1115
Currie,Antognazzi,cantognazzib5@webnode.com,Male,559-489-6356
Kirbee,Pre,kpreb6@yellowpages.com,Polygender,162-347-6058
Brinna,Hughes,bhughesb7@pcworld.com,Female,414-635-6424
Lynnette,Trevena,ltrevenab8@feedburner.com,Female,184-319-9361
Janna,Broszkiewicz,jbroszkiewiczb9@cargocollective.com,Female,844-783-6529
Jo-anne,Sego,jsegoba@geocities.com,Female,548-842-6485
Alanah,Crothers,acrothersbb@ftc.gov,Female,947-334-7579
Virge,Polendine,vpolendinebc@prweb.com,Male,493-131-9863
Lyn,Gowanlock,lgowanlockbd@mashable.com,Non-binary,333-576-1545
Kent,Wooller,kwoollerbe@amazonaws.com,Male,604-593-9423
Lucky,Benko,lbenkobf@webnode.com,Genderqueer,977-926-3288
Charlie,Costelow,ccostelowbg@pinterest.com,Male,320-633-3477
Grace,Mullineux,gmullineuxbh@chicagotribune.com,Male,467-240-2451
Staffard,Reijmers,sreijmersbi@surveymonkey.com,Male,384-465-2456
Kaspar,Chorley,kchorleybj@un.org,Genderqueer,924-644-1349
Buckie,Holtom,bholtombk@hugedomains.com,Male,958-629-3260
Demott,O' Concannon,doconcannonbl@cnet.com,Male,601-753-7624
Tommie,Heintzsch,theintzschbm@symantec.com,Male,419-874-3229
Gabe,Ramsay,gramsaybn@reverbnation.com,Male,657-890-5936
Melody,Vaugham,mvaughambo@europa.eu,Female,952-609-2365
Jessie,Turneaux,jturneauxbp@usa.gov,Genderfluid,491-584-5851
Rebeca,Tarbard,rtarbardbq@toplist.cz,Genderqueer,214-671-6533
Billi,Harbertson,bharbertsonbr@ovh.net,Female,955-306-9684
Janessa,Wilbor,jwilborbs@pinterest.com,Female,807-165-7946
Frankie,Holah,fholahbt@miibeian.gov.cn,Female,134-717-8116
Jacobo,Waldie,jwaldiebu@dell.com,Male,237-857-7702
Ambrosius,Erley,aerleybv@pen.io,Male,337-918-6236
Olly,Carvilla,ocarvillabw@tripod.com,Male,824-185-6219
Wilmette,Pennetti,wpennettibx@istockphoto.com,Female,350-941-0991
La verne,Benjefield,lbenjefieldby@gov.uk,Female,545-907-2960
Jereme,Ferentz,jferentzbz@harvard.edu,Male,461-820-2745
Dody,Beers,dbeersc0@cargocollective.com,Female,877-363-8690
Armando,Klimschak,aklimschakc1@springer.com,Male,335-294-5492
Vidovik,De Bernardi,vdebernardic2@tiny.cc,Male,807-775-3597
Deanne,Quantrell,dquantrellc3@cpanel.net,Genderqueer,950-810-9318
Susanna,Milius,smiliusc4@xrea.com,Female,654-891-1773
Ingram,Olliar,iolliarc5@illinois.edu,Male,846-376-6318
Teodora,Andrieux,tandrieuxc6@sfgate.com,Female,144-597-9542
Amalle,Mibourne,amibournec7@nifty.com,Agender,257-176-4653
Elmo,Carsey,ecarseyc8@hatena.ne.jp,Male,403-603-1829
Trever,Daudray,tdaudrayc9@friendfeed.com,Male,115-553-2765
Cilka,Rookes,crookesca@unblog.fr,Female,376-834-3969
Elysha,Cullotey,eculloteycb@bing.com,Female,210-638-0051
Katie,Wolffers,kwolfferscc@ibm.com,Female,612-577-7724
Timothee,Prewett,tprewettcd@ucsd.edu,Male,552-933-3183
El,Moakes,emoakesce@tamu.edu,Male,401-751-1689
Clarine,Murty,cmurtycf@cbc.ca,Female,689-823-4237
Henderson,Allabush,hallabushcg@huffingtonpost.com,Male,818-784-3161
Valerye,Huygen,vhuygench@pbs.org,Female,357-867-5607
Symon,MacVanamy,smacvanamyci@github.io,Male,193-920-7973
Modestia,Wyleman,mwylemancj@google.cn,Female,754-329-9533
Cletus,Cain,ccainck@csmonitor.com,Male,601-895-9268
Farah,Roberto,frobertocl@google.co.jp,Female,948-571-5820
Alvis,Dannohl,adannohlcm@dagondesign.com,Male,842-280-7457
Lazarus,Pizzey,lpizzeycn@ftc.gov,Male,464-590-0051
Kendricks,Caltun,kcaltunco@tinypic.com,Male,193-244-8864
Diahann,McNeil,dmcneilcp@comcast.net,Female,644-243-9481
Ianthe,Krzyzowski,ikrzyzowskicq@opera.com,Female,937-459-0068
Horatius,Whyborn,hwhyborncr@flickr.com,Male,423-558-8101
Larine,Blanch,lblanchcs@de.vu,Female,906-971-1861
Shari,Richel,srichelct@constantcontact.com,Female,549-791-1705
Teri,Gehring,tgehringcu@tuttocitta.it,Female,598-240-5244
Rudolf,Daintrey,rdaintreycv@cargocollective.com,Male,194-451-7915
Thain,Fenne,tfennecw@google.ca,Male,862-772-6618
Valry,Ettery,vetterycx@ning.com,Female,501-257-3182
Wheeler,Nemchinov,wnemchinovcy@weather.com,Male,969-207-3632
Gearard,Habbeshaw,ghabbeshawcz@weebly.com,Male,464-995-7071
Simmonds,Calladine,scalladined0@omniture.com,Male,583-607-0892
Christoforo,Alders,caldersd1@multiply.com,Male,515-438-8826
Matteo,Sayes,msayesd2@nbcnews.com,Male,190-825-3420
Leandra,Nettle,lnettled3@imageshack.us,Female,883-277-0715
Weidar,Maddigan,wmaddigand4@hostgator.com,Male,827-748-9312
Denver,Baudin,dbaudind5@cnbc.com,Non-binary,441-615-7129
Willie,Bearfoot,wbearfootd6@usnews.com,Female,393-871-6805
Nick,Dyett,ndyettd7@examiner.com,Male,764-162-2083
Anstice,Bockmann,abockmannd8@example.com,Female,386-761-6148
Devin,Folomkin,dfolomkind9@quantcast.com,Male,805-181-8965
Ashli,Veeler,aveelerda@tripod.com,Female,735-550-3866
Adham,Sille,asilledb@apple.com,Agender,747-747-9819
Axel,Gorgl,agorgldc@typepad.com,Male,129-863-7116
Madge,MacSween,mmacsweendd@imgur.com,Female,207-831-6210
Katrina,Coom,kcoomde@reddit.com,Female,638-567-5284
Daphne,Rapson,drapsondf@networkadvertising.org,Female,104-660-7408
Belva,McNabb,bmcnabbdg@pinterest.com,Genderfluid,150-845-7695
Miguel,Chilley,mchilleydh@freewebs.com,Male,317-508-7607
Tallie,Ferrero,tferrerodi@geocities.jp,Male,891-364-9255
Nani,Parlour,nparlourdj@addthis.com,Female,438-289-9483
Brennen,Bier,bbierdk@addtoany.com,Bigender,801-675-9347
Elfreda,Pierse,epiersedl@xing.com,Polygender,352-893-6621
Almeta,Dowdall,adowdalldm@latimes.com,Female,218-506-8331
Beret,Chafney,bchafneydn@globo.com,Female,525-662-5922
Sinclair,Muxworthy,smuxworthydo@psu.edu,Male,868-607-3970
Janel,Dolligon,jdolligondp@merriam-webster.com,Female,119-520-0400
Giffard,Leakner,gleaknerdq@usda.gov,Bigender,516-837-1355
Octavius,Jantel,ojanteldr@timesonline.co.uk,Male,434-541-3882
Seline,Carnier,scarnierds@ted.com,Female,164-659-2865
Nerissa,Hornung,nhornungdt@buzzfeed.com,Female,978-176-2305
Zane,Dautry,zdautrydu@bloomberg.com,Male,449-207-1871
Barbey,Lowry,blowrydv@booking.com,Female,435-158-3387
Margarita,McLaine,mmclainedw@com.com,Female,557-331-4212
Lanette,Dorkin,ldorkindx@csmonitor.com,Female,655-900-6600
Lonnie,Meins,lmeinsdy@wikipedia.org,Male,711-456-0241
Bert,Brighouse,bbrighousedz@hud.gov,Male,368-701-0747
Bessie,Malling,bmallinge0@tuttocitta.it,Female,205-441-6965
Aleda,Nerger,anergere1@yelp.com,Female,644-175-6754
Anastassia,Eldon,aeldone2@g.co,Female,625-168-4818
Rebekkah,Chalcot,rchalcote3@hostgator.com,Female,707-603-4138
Christophorus,Kures,ckurese4@google.com,Male,633-527-1495
Walther,Ivanets,wivanetse5@google.ca,Male,307-502-4783
Wandis,Canto,wcantoe6@cloudflare.com,Bigender,340-202-8925
Maxie,Okie,mokiee7@wikipedia.org,Male,957-666-3594
Harriett,Brown,hbrowne8@ocn.ne.jp,Female,111-129-6252
Fergus,Cartmer,fcartmere9@washington.edu,Male,404-122-3630
Nickola,Hulburt,nhulburtea@domainmarket.com,Male,505-314-5950
Glyn,Scatchard,gscatchardeb@paypal.com,Polygender,248-695-5044
Eugenius,Cleevely,ecleevelyec@irs.gov,Male,245-794-4257
Ilka,Gallahue,igallahueed@soup.io,Female,923-904-9001
Karyl,Dallyn,kdallynee@ask.com,Non-binary,114-800-4308
Monique,Milkin,mmilkinef@newyorker.com,Female,604-632-4057
Hermine,Duley,hduleyeg@biblegateway.com,Female,212-998-2515
Pauline,Froud,pfroudeh@furl.net,Female,817-756-1191
Brod,Ingrey,bingreyei@istockphoto.com,Male,100-640-3906
Zorine,Lofthouse,zlofthouseej@csmonitor.com,Female,116-994-6315
Tabatha,Imore,timoreek@springer.com,Genderqueer,501-649-1242
Martino,Barwis,mbarwisel@amazonaws.com,Male,226-158-1349
Oralee,Antonomolii,oantonomoliiem@google.it,Female,805-763-4378
Antonina,Frediani,afredianien@cam.ac.uk,Female,270-818-1020
Ruy,Kix,rkixeo@prlog.org,Male,557-521-2552
Costa,Haggath,chaggathep@nsw.gov.au,Male,506-313-8430
Adella,Ruter,arutereq@businessweek.com,Female,271-604-6587
Gleda,Berth,gberther@globo.com,Female,843-898-3269
Marianna,Pasfield,mpasfieldes@wordpress.org,Female,477-213-2369
Kora,Playdon,kplaydonet@cornell.edu,Female,436-189-6766
Merwin,Wyard,mwyardeu@umn.edu,Male,789-925-7716
Maurine,Shippard,mshippardev@prnewswire.com,Female,961-642-9897
Aleen,Kunz,akunzew@xing.com,Female,301-644-5071
Amalee,Josefson,ajosefsonex@zimbio.com,Female,919-803-8511
Gian,Dore,gdoreey@census.gov,Male,770-246-1932
Mireielle,Magne,mmagneez@toplist.cz,Female,603-141-3366
Domini,Taffee,dtaffeef0@spotify.com,Female,361-264-8498
Arny,Treske,atreskef1@gnu.org,Male,634-177-0169
Monique,Tysall,mtysallf2@google.ca,Female,948-563-5779
Powell,Rillatt,prillattf3@example.com,Male,509-319-7625
Esma,Traite,etraitef4@thetimes.co.uk,Female,393-371-1892
Doria,MacBey,dmacbeyf5@last.fm,Female,704-196-5452
Tamarra,Spreull,tspreullf6@intel.com,Female,959-109-6077
Keary,Le Moucheux,klemoucheuxf7@php.net,Male,122-495-3758
Ceciley,Davers,cdaversf8@bravesites.com,Female,437-516-0023
Marigold,Petschel,mpetschelf9@ox.ac.uk,Female,719-691-9371
Evin,Macia,emaciafa@comcast.net,Male,208-941-7421
Idette,Noir,inoirfb@phpbb.com,Female,253-870-9807
Ynes,Fransman,yfransmanfc@symantec.com,Female,908-807-7760
Edmund,De Cristofalo,edecristofalofd@shinystat.com,Male,135-524-9590
Brittne,Renachowski,brenachowskife@scribd.com,Female,534-913-0020
Ashlin,Wetherell,awetherellff@google.de,Male,371-499-5966
Clint,Garment,cgarmentfg@hhs.gov,Male,894-319-1439
Jo,Guidini,jguidinifh@toplist.cz,Male,714-300-6478
Andre,Rosendorf,arosendorffi@tuttocitta.it,Male,769-355-6323
Petey,Vasenkov,pvasenkovfj@gravatar.com,Male,695-408-9320
Tymothy,Stooke,tstookefk@surveymonkey.com,Male,795-404-3806
Ransell,Aggio,raggiofl@mac.com,Male,540-771-8638
Berton,McCleod,bmccleodfm@wix.com,Male,494-751-6398
Willy,Sennett,wsennettfn@blog.com,Male,335-908-9583
Lea,Ellerby,lellerbyfo@prweb.com,Female,957-813-2195
Jany,Turbern,jturbernfp@rediff.com,Female,967-320-3074
Elena,Backs,ebacksfq@constantcontact.com,Female,390-813-3286
Pearle,De Winton,pdewintonfr@google.it,Female,874-946-7225
Evie,Cannicott,ecannicottfs@phoca.cz,Female,908-616-5145
Fran,Tassell,ftassellft@ezinearticles.com,Female,661-650-3143
Alvina,Murrow,amurrowfu@over-blog.com,Bigender,375-158-0616
Corbet,Rexworthy,crexworthyfv@webeden.co.uk,Male,343-640-1681
Ariel,Haller,ahallerfw@microsoft.com,Female,612-293-5504
Johnathon,Panichelli,jpanichellifx@networkadvertising.org,Male,806-373-5378
Doro,Wolfit,dwolfitfy@surveymonkey.com,Female,756-896-9140
Melantha,Cowthart,mcowthartfz@independent.co.uk,Female,306-841-2959
Gwendolen,Crepin,gcreping0@soundcloud.com,Female,808-957-6759
Linc,Deeves,ldeevesg1@ed.gov,Male,147-679-5230
Teresa,Tointon,ttointong2@go.com,Female,804-447-7965
Salem,Locock,slocockg3@chronoengine.com,Male,444-908-7054
Barnaby,Seson,bsesong4@51.la,Male,952-615-3649
Katlin,Rosenboim,krosenboimg5@purevolume.com,Female,668-580-4622
Anders,Grosvener,agrosvenerg6@about.com,Male,284-785-9988
Daryl,Hearnah,dhearnahg7@sciencedirect.com,Male,939-783-3817
Lydon,Wordsworth,lwordsworthg8@shop-pro.jp,Male,897-618-7861
Manolo,Saldler,msaldlerg9@ucoz.ru,Male,287-452-1124
Odo,Pisculli,opisculliga@t.co,Male,398-604-6058
Lenard,Lindenberg,llindenberggb@unc.edu,Male,195-702-4854
Robbie,Le Marchand,rlemarchandgc@nydailynews.com,Female,679-830-6860
Jacquette,Helbeck,jhelbeckgd@friendfeed.com,Female,675-196-1890
Beatrice,Pettus,bpettusge@taobao.com,Female,300-184-5751
Nicolis,Silkstone,nsilkstonegf@wp.com,Male,809-929-0444
Candida,Peasegood,cpeasegoodgg@nifty.com,Genderqueer,733-469-4756
Raynor,Ballach,rballachgh@themeforest.net,Male,793-545-6445
Sue,Dinley,sdinleygi@macromedia.com,Female,793-342-9128
Ethelred,Davidof,edavidofgj@sohu.com,Male,241-930-4809
Maia,Pendock,mpendockgk@comcast.net,Female,494-659-8073
Jeane,Olensby,jolensbygl@soundcloud.com,Female,467-565-6943
Burtie,Rickert,brickertgm@xing.com,Male,939-244-9596
Niko,Danielsky,ndanielskygn@google.com.br,Polygender,641-715-2448
Chip,Littlepage,clittlepagego@dion.ne.jp,Male,790-987-1657
Cora,Nollet,cnolletgp@sitemeter.com,Female,786-863-6165
Leigha,Manilove,lmanilovegq@hc360.com,Female,415-922-4304
Burke,Merrien,bmerriengr@virginia.edu,Male,336-244-1795
Codi,Cordel,ccordelgs@nifty.com,Female,375-904-4690
Roobbie,Langthorne,rlangthornegt@whitehouse.gov,Female,945-283-3690
Isidor,Grayer,igrayergu@patch.com,Male,267-396-5416
Kristel,Cameron,kcamerongv@netvibes.com,Female,424-167-4177
Arielle,Cluney,acluneygw@statcounter.com,Female,425-643-8357
Findlay,Gerrard,fgerrardgx@cocolog-nifty.com,Male,889-627-3082
Rustie,Yesipov,ryesipovgy@mysql.com,Male,898-533-7685
Priscilla,Rollason,prollasongz@seattletimes.com,Female,721-998-1414
Marv,Roberto,mrobertoh0@hud.gov,Male,821-523-0298
Arvie,Morais,amoraish1@go.com,Male,906-813-6448
Virginie,Agutter,vagutterh2@yale.edu,Female,721-164-8459
Katie,Malitrott,kmalitrotth3@netvibes.com,Female,227-680-1755
Rutherford,Yatman,ryatmanh4@smugmug.com,Male,421-251-7785
Nikos,Wimpeney,nwimpeneyh5@goodreads.com,Male,484-552-1578
Germana,Ludwikiewicz,gludwikiewiczh6@virginia.edu,Female,414-285-1924
Barth,Nitti,bnittih7@state.gov,Male,879-606-3805
Shaylynn,Kingaby,skingabyh8@imgur.com,Female,134-753-6311
Shandeigh,Petlyura,spetlyurah9@amazonaws.com,Female,582-480-4376
Felice,Sutherel,fsutherelha@msn.com,Male,571-952-9554
Harrison,Ree,hreehb@zdnet.com,Male,341-778-4780
Dominique,Bendig,dbendighc@rakuten.co.jp,Female,898-424-9864
Johnnie,Ramshaw,jramshawhd@flickr.com,Male,824-557-9086
Ddene,Speeding,dspeedinghe@angelfire.com,Female,114-993-1860
Juliette,Michiel,jmichielhf@hibu.com,Female,992-861-8213
Sadye,Tackett,stacketthg@msn.com,Female,532-934-4102
Malcolm,Triggel,mtriggelhh@yandex.ru,Male,114-943-0658
Barby,Sapsford,bsapsfordhi@answers.com,Female,111-662-8221
Stavros,Toohey,stooheyhj@mac.com,Male,482-887-6053
Lannie,Dugald,ldugaldhk@cornell.edu,Male,705-191-0850
Crawford,Rapkins,crapkinshl@digg.com,Male,765-924-7655
Ketti,Shugg,kshugghm@patch.com,Female,857-675-4371
Nobe,Obey,nobeyhn@163.com,Male,762-426-2082
Georgia,Babst,gbabstho@tiny.cc,Female,202-135-4332
Linnea,Doudney,ldoudneyhp@odnoklassniki.ru,Female,279-840-6098
Chevalier,Slyvester,cslyvesterhq@wordpress.com,Male,661-370-0122
Stafani,Fatscher,sfatscherhr@adobe.com,Female,468-272-6070
Carree,Vedeneev,cvedeneevhs@mac.com,Female,284-591-9697
Thurston,Aronov,taronovht@lulu.com,Male,660-606-2655
Quinta,Luxford,qluxfordhu@nymag.com,Female,373-460-3881
Skipp,Tooker,stookerhv@meetup.com,Male,820-735-2244
Nathanil,Beran,nberanhw@hexun.com,Genderqueer,973-400-9303
Waverly,Steet,wsteethx@oakley.com,Male,920-749-6390
Erica,Pech,epechhy@phoca.cz,Female,810-255-1613
Sheridan,McNiff,smcniffhz@comsenz.com,Male,202-799-3079
Randi,Terese,rteresei0@cyberchimps.com,Female,285-644-3086
Cecil,Plaster,cplasteri1@github.io,Female,222-414-8247
Skip,Bareham,sbarehami2@webeden.co.uk,Male,675-368-2283
Christabel,Silbersak,csilbersaki3@furl.net,Female,131-796-6866
Nickolaus,Parrish,nparrishi4@washington.edu,Male,110-918-8245
Georgina,Womersley,gwomersleyi5@accuweather.com,Female,573-405-8605
Birgit,Farey,bfareyi6@irs.gov,Female,668-681-7545
Graig,Dobrovsky,gdobrovskyi7@wikimedia.org,Male,770-350-6960
Des,Castana,dcastanai8@google.com.hk,Male,349-224-3836
Howard,Ghiron,hghironi9@chron.com,Male,401-883-4272
Mirilla,Faragher,mfaragheria@arizona.edu,Female,431-996-2235
Noach,Exter,nexterib@over-blog.com,Male,881-742-5705
Kirbee,Holdin,kholdinic@independent.co.uk,Female,648-849-8568
Brittany,Stockoe,bstockoeid@wikispaces.com,Female,395-719-3355
Hillier,Cleeton,hcleetonie@diigo.com,Male,907-643-3025
Hadlee,Birchill,hbirchillif@eventbrite.com,Male,521-381-6812
Murdock,Wettern,mwetternig@canalblog.com,Male,193-597-0382
Ogdon,Tutchings,otutchingsih@webnode.com,Male,770-883-5474
Nathaniel,Gartan,ngartanii@blogs.com,Male,914-246-2188
Benson,Dangl,bdanglij@mail.ru,Male,830-462-6998
Ethel,Nisbith,enisbithik@phpbb.com,Female,119-196-0224
Rafferty,Rilings,rrilingsil@google.ca,Male,561-968-5960
Gwendolyn,Carmichael,gcarmichaelim@nyu.edu,Female,201-154-4185
Alf,Pellamonuten,apellamonutenin@stumbleupon.com,Male,172-503-4732
Lester,Budcock,lbudcockio@marriott.com,Male,101-607-5935
Ward,Alderson,waldersonip@goo.gl,Male,390-972-2413
Noam,Burril,nburriliq@cnn.com,Male,748-208-0599
Marthe,Haisell,mhaisellir@whitehouse.gov,Female,454-409-8165
Cristabel,Lynam,clynamis@exblog.jp,Female,515-475-7312
Allison,Handrick,ahandrickit@mlb.com,Female,178-980-9244
Wes,Quilkin,wquilkiniu@bluehost.com,Male,666-898-9794
Rogerio,Leal,rlealiv@yahoo.com,Male,864-747-1724
Cinda,Olivella,colivellaiw@diigo.com,Female,880-758-5144
Bart,Waddell,bwaddellix@surveymonkey.com,Male,906-673-6995
Patton,Melding,pmeldingiy@scribd.com,Male,522-476-6291
Craggy,Mattiazzi,cmattiazziiz@163.com,Male,665-160-4254
Viv,Cliss,vclissj0@histats.com,Female,949-789-5408
Saleem,Pegg,speggj1@prweb.com,Male,116-286-0983
Izaak,Dyter,idyterj2@marketwatch.com,Male,562-138-5505
Baird,Georgi,bgeorgij3@bloglines.com,Male,365-635-9979
Micaela,Idiens,midiensj4@histats.com,Female,485-192-8303
Dara,Huxtable,dhuxtablej5@webs.com,Female,905-109-2275
Janey,Brockton,jbrocktonj6@dion.ne.jp,Female,404-606-9929
Ceil,Orae,coraej7@theglobeandmail.com,Female,602-439-1104
Brianna,Kalinke,bkalinkej8@dion.ne.jp,Female,108-879-7670
Ranice,Roubert,rroubertj9@nytimes.com,Agender,669-851-2947
Padget,Morl,pmorlja@linkedin.com,Male,475-742-7243
Agnese,Hammand,ahammandjb@ehow.com,Bigender,634-289-7263
Heall,Scothron,hscothronjc@npr.org,Male,310-205-4910
Nolly,Coggill,ncoggilljd@furl.net,Male,468-628-8376
Reba,Rodgman,rrodgmanje@paypal.com,Female,639-873-0775
Jerrie,Tern,jternjf@youtube.com,Female,850-407-3373
Sada,Skillern,sskillernjg@ucsd.edu,Female,408-529-9710
Helli,Broomhead,hbroomheadjh@nhs.uk,Female,260-451-1137
Dorree,Calafate,dcalafateji@chicagotribune.com,Non-binary,312-398-1080
Amberly,Escalero,aescalerojj@51.la,Female,328-526-2971
Rip,Flores,rfloresjk@miitbeian.gov.cn,Male,781-967-5393
Beck,Ashworth,bashworthjl@jigsy.com,Male,398-132-3910
Phillis,Read,preadjm@storify.com,Female,230-133-7838
Odelia,Murden,omurdenjn@deviantart.com,Female,228-391-9404
Sasha,Presser,spresserjo@walmart.com,Female,539-247-3666
Lancelot,Holehouse,lholehousejp@51.la,Polygender,839-603-8038
Werner,Reedick,wreedickjq@yahoo.co.jp,Male,419-392-9690
Marc,Prester,mpresterjr@hao123.com,Male,364-246-8346
Charmine,Sparway,csparwayjs@google.fr,Female,945-912-9755
Mady,Serris,mserrisjt@sphinn.com,Female,125-695-9364
Rurik,Tookey,rtookeyju@blogspot.com,Male,894-271-3413
Gard,Boxer,gboxerjv@epa.gov,Male,193-598-9611
Enrica,Radbone,eradbonejw@google.com,Female,644-955-2896
Rriocard,Yurchishin,ryurchishinjx@arizona.edu,Male,781-198-6215
Pearla,Brereton,pbreretonjy@dion.ne.jp,Female,181-754-6631
Paloma,Bolderstone,pbolderstonejz@w3.org,Female,178-406-0383
Heall,Chance,hchancek0@linkedin.com,Male,369-921-8911
Rois,Pybus,rpybusk1@trellian.com,Female,549-399-0459
Corney,Presnail,cpresnailk2@so-net.ne.jp,Male,623-796-1465
Melosa,Kimbling,mkimblingk3@goo.gl,Female,424-944-6236
Blinnie,Allwright,ballwrightk4@narod.ru,Female,958-146-1340
Granville,Veighey,gveigheyk5@jalbum.net,Male,942-253-6291
Allie,Puckham,apuckhamk6@icq.com,Male,927-104-7052
Amalea,Winley,awinleyk7@bloomberg.com,Female,253-761-0558
Lamar,Lyndon,llyndonk8@friendfeed.com,Male,251-875-6748
Theo,Larchier,tlarchierk9@gov.uk,Male,875-914-1234
Joella,Deschlein,jdeschleinka@squidoo.com,Female,830-743-0425
Winna,Saward,wsawardkb@stumbleupon.com,Genderfluid,937-114-2223
Ingra,Schonfelder,ischonfelderkc@wufoo.com,Male,864-721-8683
Charleen,Vest,cvestkd@mozilla.org,Female,895-650-8616
Royal,Roydon,rroydonke@dailymail.co.uk,Male,259-302-2446
Jamima,Vergine,jverginekf@usa.gov,Female,729-922-9309
Ingrid,Schmuhl,ischmuhlkg@omniture.com,Female,391-572-0910
Hardy,Fontell,hfontellkh@walmart.com,Male,897-215-7035
Petronille,Chat,pchatki@woothemes.com,Female,573-933-7711
Mohandas,Huband,mhubandkj@last.fm,Male,603-107-8811
Chucho,Wyss,cwysskk@flavors.me,Male,368-220-0402
Riley,Proppers,rpropperskl@nature.com,Male,405-781-6919
Karlee,Hanbury-Brown,khanburybrownkm@vk.com,Female,570-462-7925
Kelila,Gauden,kgaudenkn@cafepress.com,Female,897-927-0853
Juditha,Gibbeson,jgibbesonko@pbs.org,Female,511-477-2782
Elsey,Trundle,etrundlekp@hubpages.com,Female,700-337-8671
Budd,Whittington,bwhittingtonkq@accuweather.com,Male,639-969-3278
Kasper,Gower,kgowerkr@howstuffworks.com,Male,466-850-9693
Mona,Dureden,mduredenks@de.vu,Female,565-806-1219
Merola,Lackie,mlackiekt@ftc.gov,Female,736-831-5226
Emanuele,Buchanan,ebuchananku@over-blog.com,Male,415-481-7361
Iggie,Hurtic,ihurtickv@auda.org.au,Male,602-451-8309
Dame,Dyble,ddyblekw@yellowbook.com,Polygender,360-282-2328
Alanah,Prose,aprosekx@skype.com,Female,791-339-2807
Darrell,Bellhouse,dbellhouseky@hhs.gov,Male,208-823-5371
Carissa,Rothera,crotherakz@lycos.com,Female,912-452-3243
Demott,Pentercost,dpentercostl0@newsvine.com,Male,688-296-1019
Godart,Aveson,gavesonl1@home.pl,Male,833-819-1411
Rodolph,Vero,rverol2@latimes.com,Male,119-947-6177
Micah,Edwin,medwinl3@europa.eu,Male,423-915-7351
Gerry,Harfoot,gharfootl4@vkontakte.ru,Female,444-233-3699
Angel,De Morena,ademorenal5@privacy.gov.au,Female,963-479-4133
Carmelina,Gullan,cgullanl6@nymag.com,Female,311-401-6584
Polly,Ewers,pewersl7@prweb.com,Female,516-245-6860
Alverta,Zaple,azaplel8@timesonline.co.uk,Female,392-169-6519
Jessamine,Pounsett,jpounsettl9@slate.com,Female,665-802-5902
Joey,Kilgallen,jkilgallenla@xinhuanet.com,Female,812-995-9135
Odelle,Sarra,osarralb@nsw.gov.au,Female,597-459-7980
Conn,Desmond,cdesmondlc@rakuten.co.jp,Agender,629-723-2301
Petronilla,Cockell,pcockellld@skyrock.com,Female,386-205-7640
Raul,Fletcher,rfletcherle@ning.com,Male,711-263-2346
Elsbeth,Porcher,eporcherlf@huffingtonpost.com,Female,244-862-2850
Eugenius,Terron,eterronlg@indiegogo.com,Male,560-498-1564
Nikolaus,Giaomozzo,ngiaomozzolh@auda.org.au,Male,403-284-8476
Alta,Witcherley,awitcherleyli@jalbum.net,Female,557-708-4421
Renate,Stores,rstoreslj@businessweek.com,Female,902-673-8058
Yvette,Birbeck,ybirbecklk@tumblr.com,Female,522-634-5742
Sheeree,Pleuman,spleumanll@ezinearticles.com,Genderfluid,794-939-0346
Arlen,Woolford,awoolfordlm@china.com.cn,Female,431-299-2701
Jacquie,Rathmell,jrathmellln@virginia.edu,Female,412-844-1331
Griffy,Deme,gdemelo@example.com,Male,335-253-2178
Ava,Herrema,aherremalp@posterous.com,Female,697-410-1651
Monika,Mingardo,mmingardolq@reverbnation.com,Female,337-117-6113
Arlena,Durrell,adurrelllr@ameblo.jp,Female,908-865-3899
Katharyn,Shortan,kshortanls@elpais.com,Female,792-757-7862
Roobbie,Goscomb,rgoscomblt@homestead.com,Bigender,234-379-6392
Yolande,Vasyutichev,yvasyutichevlu@indiegogo.com,Female,361-568-7005
Claire,Benbow,cbenbowlv@xing.com,Female,150-869-7368
Lynne,Lougheed,llougheedlw@jiathis.com,Female,887-470-1315
Ed,Weakley,eweakleylx@census.gov,Male,737-600-3755
Stanwood,Norvill,snorvillly@ehow.com,Male,847-884-1162
Alfie,Rowter,arowterlz@statcounter.com,Male,948-978-9839
Bartlet,Reyna,breynam0@bbb.org,Genderqueer,339-680-2505
Rachele,Brookes,rbrookesm1@histats.com,Female,824-231-4100
Earlie,Serle,eserlem2@upenn.edu,Male,657-307-3806
Darsie,Inglesfield,dinglesfieldm3@businessinsider.com,Female,970-943-7682
Myer,Guinan,mguinanm4@amazon.co.jp,Male,848-928-4301
Corby,Kreber,ckreberm5@boston.com,Male,140-688-5254
Mayne,Chadburn,mchadburnm6@barnesandnoble.com,Male,233-105-6195
Jakob,Crippin,jcrippinm7@hibu.com,Male,423-432-5905
Galen,Proctor,gproctorm8@domainmarket.com,Male,711-860-9882
Wainwright,Hoogendorp,whoogendorpm9@zimbio.com,Male,853-888-6344
Hailey,Esland,heslandma@networkadvertising.org,Male,146-366-4189
Floris,Torrent,ftorrentmb@comsenz.com,Female,644-142-2070
Giacobo,Fenners,gfennersmc@webmd.com,Male,542-773-0062
Dorella,Radmer,dradmermd@economist.com,Female,636-525-5538
Rona,Heaffey,rheaffeyme@vinaora.com,Female,862-278-2875
Lucinda,Cawson,lcawsonmf@wikimedia.org,Female,626-950-9588
Dorelia,Stooders,dstoodersmg@hhs.gov,Female,859-604-3997
Johnathan,Assandri,jassandrimh@spiegel.de,Male,690-861-6961
Gilda,Laroux,glarouxmi@unc.edu,Female,734-983-4966
Roddie,Amps,rampsmj@pcworld.com,Male,605-794-7881
Cris,Jakel,cjakelmk@wired.com,Female,362-842-2503
Valenka,Fosbraey,vfosbraeyml@google.de,Non-binary,665-269-1058
Adriane,Ashmole,aashmolemm@admin.ch,Female,973-867-2339
Carlie,Pardi,cpardimn@npr.org,Female,194-734-8910
Kylila,Deeprose,kdeeprosemo@simplemachines.org,Female,734-906-0799
Isadore,Sahlstrom,isahlstrommp@imdb.com,Polygender,908-757-6610
Johnna,Morican,jmoricanmq@cpanel.net,Female,871-781-2582
Ania,Blinde,ablindemr@webeden.co.uk,Female,193-496-2653
Clea,Karpman,ckarpmanms@sakura.ne.jp,Female,160-486-4081
Jemie,Buy,jbuymt@blogger.com,Female,164-736-1135
Lilllie,Jeffray,ljeffraymu@google.de,Female,996-981-4040
Jaymie,Fiennes,jfiennesmv@tmall.com,Male,548-773-7937
Amerigo,Gillcrist,agillcristmw@joomla.org,Male,567-251-4731
Frieda,Croxley,fcroxleymx@sfgate.com,Female,180-387-0603
Hollis,Stanway,hstanwaymy@com.com,Male,612-850-1189
Kahaleel,Nye,knyemz@yahoo.com,Male,811-316-3013
Winslow,Schruurs,wschruursn0@pcworld.com,Male,585-647-2588
Jessie,Piens,jpiensn1@vk.com,Male,759-982-2171
Reeba,Franceschielli,rfranceschiellin2@umich.edu,Female,768-464-3240
Benn,Simionato,bsimionaton3@adobe.com,Male,893-856-2857
Selena,Winyard,swinyardn4@ihg.com,Female,703-255-8735
Melicent,Iveson,mivesonn5@alexa.com,Non-binary,969-747-8201
Leonelle,Satcher,lsatchern6@chicagotribune.com,Female,115-122-9469
Theo,Gelderd,tgelderdn7@pcworld.com,Bigender,405-344-4159
Kerr,Spellesy,kspellesyn8@gnu.org,Genderfluid,332-950-7683
Osmond,Otham,oothamn9@histats.com,Male,922-578-4761
Madlen,Mayou,mmayouna@indiegogo.com,Female,705-711-8135
Britte,Seeks,bseeksnb@umn.edu,Female,219-610-9092
Chandra,Summerlad,csummerladnc@kickstarter.com,Female,848-544-2527
Amelia,Hauxby,ahauxbynd@meetup.com,Female,337-955-3763
Taddeo,Ranscombe,transcombene@xinhuanet.com,Male,126-454-8229
Eolande,Canfield,ecanfieldnf@yellowpages.com,Female,850-989-8140
Karoly,Maestro,kmaestrong@whitehouse.gov,Male,223-842-7652
Redd,Bilbrooke,rbilbrookenh@nyu.edu,Male,653-463-1600
Imogene,Alekseev,ialekseevni@webs.com,Female,377-730-4959
Zebulen,Backhouse,zbackhousenj@nba.com,Male,461-950-9404
Torr,Culpin,tculpinnk@tinypic.com,Male,328-853-1749
Zarla,Marfield,zmarfieldnl@gmpg.org,Female,509-328-5788
Pammie,Carlesi,pcarlesinm@altervista.org,Female,726-858-0797
Durward,Alyokhin,dalyokhinnn@furl.net,Male,768-199-3040
Harmonie,Oswick,hoswickno@wunderground.com,Female,927-188-0834
Dew,Gravells,dgravellsnp@addtoany.com,Male,248-171-2008
Rolf,Bonham,rbonhamnq@google.it,Male,165-443-6872
Belva,Livick,blivicknr@skype.com,Female,866-647-6316
Aile,Murford,amurfordns@yolasite.com,Female,311-216-4033
Nikos,Browning,nbrowningnt@go.com,Male,392-295-6276
Herculie,Manthorpe,hmanthorpenu@bing.com,Male,388-576-2043
Dukie,Jansky,djanskynv@icq.com,Male,849-526-1016
Flory,Buttrey,fbuttreynw@godaddy.com,Male,955-396-0667
Frederic,Heselwood,fheselwoodnx@discuz.net,Male,354-491-9374
Torre,Quarrington,tquarringtonny@mac.com,Male,236-976-7014
Lurette,Aland,lalandnz@hhs.gov,Female,753-252-4535
Jacky,Hinkes,jhinkeso0@wikia.com,Male,905-431-8123
Halsy,Berriball,hberriballo1@theglobeandmail.com,Male,459-145-1963
Sosanna,Assandri,sassandrio2@whitehouse.gov,Female,620-932-0707
Etty,Kliche,eklicheo3@furl.net,Genderqueer,587-168-7789
Cahra,Kellog,ckellogo4@imageshack.us,Female,757-438-0977
Renado,Wandrack,rwandracko5@twitpic.com,Male,849-906-8849
Noel,Ellins,nellinso6@go.com,Male,507-975-5161
Hirsch,Rodson,hrodsono7@wisc.edu,Male,595-811-8156
Town,Huygen,thuygeno8@livejournal.com,Male,608-169-2106
Eugine,Timson,etimsono9@ca.gov,Female,141-334-5237
Anson,Albery,aalberyoa@storify.com,Agender,688-833-4503
Armin,McLewd,amclewdob@si.edu,Male,301-905-4519
Olag,Camili,ocamilioc@google.com.br,Male,767-508-2540
Jenine,Assiter,jassiterod@tiny.cc,Female,510-423-8999
Nanon,Metterick,nmetterickoe@studiopress.com,Female,258-104-5054
Jeralee,Goghin,jgoghinof@list-manage.com,Female,695-439-6037
Aridatha,Onslow,aonslowog@csmonitor.com,Female,677-404-7008
Vinni,Scantlebury,vscantleburyoh@senate.gov,Female,234-342-0539
Fergus,Corbally,fcorballyoi@nifty.com,Male,839-319-1617
Honey,Poytheras,hpoytherasoj@va.gov,Female,758-478-6777
Nikki,Molder,nmolderok@nature.com,Male,419-185-1643
Kayne,Kember,kkemberol@topsy.com,Genderqueer,994-428-6588
Merle,Wanjek,mwanjekom@artisteer.com,Female,659-257-8894
Whitman,Orrom,worromon@privacy.gov.au,Male,243-619-5973
Elsey,Reed,ereedoo@npr.org,Female,999-801-0620
Moselle,Conti,mcontiop@reverbnation.com,Female,370-424-2826
Parke,Robins,probinsoq@ox.ac.uk,Male,159-125-3769
Edsel,Hexum,ehexumor@mysql.com,Male,288-470-7294
Wittie,Nassi,wnassios@hud.gov,Male,638-942-3664
Toiboid,Keatch,tkeatchot@alibaba.com,Non-binary,983-727-6023
Griz,Medgwick,gmedgwickou@histats.com,Male,728-261-0293
Mohammed,Petel,mpetelov@omniture.com,Male,839-154-3876
Feodor,Kruse,fkruseow@usatoday.com,Male,506-341-9005
Michaella,Antoniou,mantoniouox@slashdot.org,Agender,134-478-4749
Natale,Swyndley,nswyndleyoy@desdev.cn,Male,442-996-6985
Halette,Lipscombe,hlipscombeoz@homestead.com,Female,827-713-0816
Flossy,Duce,fducep0@a8.net,Non-binary,569-932-3730
Kristy,Karys,kkarysp1@telegraph.co.uk,Female,369-822-3540
Fredi,Corse,fcorsep2@hc360.com,Female,577-391-7531
Maurie,Essam,messamp3@newyorker.com,Male,321-972-6964
Loy,Hayley,lhayleyp4@phpbb.com,Non-binary,858-346-8421
Enriqueta,Etock,eetockp5@goo.ne.jp,Female,930-257-9958
Vittoria,Latch,vlatchp6@ehow.com,Female,106-812-3307
Artemus,O'Currine,aocurrinep7@epa.gov,Male,939-698-0419
Broderic,Taylour,btaylourp8@usa.gov,Male,473-536-4491
Phillipp,Normanton,pnormantonp9@angelfire.com,Male,230-584-6117
Gibbie,Tapley,gtapleypa@reddit.com,Male,830-593-8600
Tallulah,Ousbie,tousbiepb@zimbio.com,Female,450-500-0147
Sayres,Bowser,sbowserpc@boston.com,Male,601-824-3659
Gill,Monkleigh,gmonkleighpd@360.cn,Male,745-662-9540
Marnie,Rosbrough,mrosbroughpe@ucoz.com,Female,586-450-8549
Maribelle,Bauduccio,mbauducciopf@seesaa.net,Female,608-560-3197
Nadiya,Bresman,nbresmanpg@newsvine.com,Female,775-560-1245
Charline,Borell,cborellph@mozilla.org,Female,639-953-4038
Birk,Newbigging,bnewbiggingpi@privacy.gov.au,Male,210-926-0302
Sloan,Fisbburne,sfisbburnepj@google.it,Male,193-578-1104
Gabby,Planke,gplankepk@loc.gov,Male,975-203-4327
Garnet,Ritmeyer,gritmeyerpl@dyndns.org,Female,696-561-5685
Vallie,Josipovitz,vjosipovitzpm@t.co,Female,888-518-0440
Maxie,MacDowall,mmacdowallpn@surveymonkey.com,Male,781-650-3975
Glenn,Pinchbeck,gpinchbeckpo@bloglovin.com,Genderqueer,845-766-8635
Shanan,Gobat,sgobatpp@howstuffworks.com,Male,992-975-0637
Barty,Atack,batackpq@ibm.com,Male,119-102-5582
Colver,Orrin,corrinpr@mediafire.com,Male,257-321-9820
Pascal,Salmon,psalmonps@goo.ne.jp,Male,335-240-8023
Burnard,Hassewell,bhassewellpt@feedburner.com,Male,867-751-8699
Neron,Acklands,nacklandspu@nifty.com,Male,132-715-8110
Gwyn,McGuiney,gmcguineypv@bbb.org,Genderqueer,875-725-4202
Devondra,Strivens,dstrivenspw@go.com,Female,825-651-5068
Andrey,Wollers,awollerspx@house.gov,Genderqueer,717-500-7855
Aksel,Lighterness,alighternesspy@cafepress.com,Genderqueer,932-276-5297
Meir,Jelleman,mjellemanpz@usatoday.com,Male,842-538-0440
Laraine,Gillimgham,lgillimghamq0@discuz.net,Female,805-383-8395
Nan,Fuke,nfukeq1@yandex.ru,Female,202-544-7330
Lizzie,Measey,lmeaseyq2@ifeng.com,Female,706-315-3827
Simone,Itzchaki,sitzchakiq3@cargocollective.com,Female,916-310-7180
Harriet,Gudgeon,hgudgeonq4@w3.org,Female,961-953-5698
Parker,Cashford,pcashfordq5@sciencedirect.com,Male,250-312-6485
Efrem,Mc Dermid,emcdermidq6@sbwire.com,Male,893-691-5858
Mikol,Barry,mbarryq7@engadget.com,Male,516-271-6666
Kristen,Donisthorpe,kdonisthorpeq8@state.tx.us,Female,117-764-3976
Christa,Thunnercliff,cthunnercliffq9@ebay.co.uk,Female,462-735-4175
Boycie,Pippin,bpippinqa@jiathis.com,Male,426-212-4786
Jordan,Pitkeathly,jpitkeathlyqb@walmart.com,Agender,776-327-7031
Darya,Tuttle,dtuttleqc@bloglovin.com,Female,793-694-4966
Norton,Meller,nmellerqd@sina.com.cn,Male,983-787-6429
Pearl,McKilroe,pmckilroeqe@twitter.com,Female,376-729-1285
Adelind,Dottrell,adottrellqf@ehow.com,Female,256-700-1622
Morena,Garrique,mgarriqueqg@bloomberg.com,Female,377-967-5194
Courtney,Fenny,cfennyqh@shop-pro.jp,Non-binary,520-838-5630
Milicent,Boundley,mboundleyqi@patch.com,Non-binary,879-370-1362
Lynda,Posse,lposseqj@imgur.com,Female,315-582-3906
Joanna,Ballham,jballhamqk@state.tx.us,Female,494-829-3893
Phylys,Ginsie,pginsieql@comsenz.com,Female,670-507-6700
Hillard,Batie,hbatieqm@over-blog.com,Male,582-492-2492
Federico,Dearnley,fdearnleyqn@ycombinator.com,Male,130-673-7273
Tina,Crotty,tcrottyqo@1und1.de,Female,913-437-9312
Quint,Haynes,qhaynesqp@sciencedaily.com,Male,819-941-7697
Friedrich,MacTurlough,fmacturloughqq@reddit.com,Male,697-134-0803
Gayel,Malitrott,gmalitrottqr@reference.com,Female,271-549-8370
Rachael,Brasseur,rbrasseurqs@go.com,Non-binary,559-814-5305
Dar,Pimbley,dpimbleyqt@upenn.edu,Male,178-151-1268
Waldon,Loftin,wloftinqu@home.pl,Male,672-251-0039
Stewart,Colter,scolterqv@cmu.edu,Male,404-104-7614
Den,Roback,drobackqw@arstechnica.com,Male,619-943-4479
Bertrand,Kirk,bkirkqx@phpbb.com,Male,306-158-6519
Jelene,Shreenan,jshreenanqy@ebay.co.uk,Genderfluid,951-644-2084
Maureen,Ruddom,mruddomqz@g.co,Agender,373-467-0419
Forbes,Coan,fcoanr0@instagram.com,Male,110-524-4203
Malia,Duffyn,mduffynr1@odnoklassniki.ru,Female,119-263-3399
Ardra,Littrick,alittrickr2@barnesandnoble.com,Female,460-107-0327
Reeba,Stebbins,rstebbinsr3@nasa.gov,Female,559-549-2424
Rosemaria,Haugh,rhaughr4@nih.gov,Female,116-656-9012
Win,Le Marquis,wlemarquisr5@sina.com.cn,Male,778-851-5838
Chrissy,Ubank,cubankr6@mapquest.com,Male,575-376-9822
Austin,Phette,aphetter7@intel.com,Female,800-482-9529
Daisy,Callan,dcallanr8@nymag.com,Female,593-541-9750
Wade,Guichard,wguichardr9@e-recht24.de,Male,903-937-3952
Andreas,Rostern,arosternra@mlb.com,Male,222-606-3599
Ron,De Roos,rderoosrb@cnet.com,Male,362-789-7229
Wally,Loomis,wloomisrc@latimes.com,Male,177-734-8230
Karyl,Goodhay,kgoodhayrd@blogs.com,Female,557-418-2325
Bevon,Carrick,bcarrickre@exblog.jp,Male,385-924-1906
Aigneis,Riche,aricherf@nydailynews.com,Female,325-136-8542
Loren,Urridge,lurridgerg@comcast.net,Female,369-277-6646
Jillayne,Schimaschke,jschimaschkerh@tumblr.com,Female,658-275-6701
Konstantin,Hrynczyk,khrynczykri@slate.com,Agender,222-386-7964
Candida,Autry,cautryrj@huffingtonpost.com,Female,595-545-0567
Shalne,Lunt,sluntrk@dell.com,Female,194-403-9646
Hilary,Rembrandt,hrembrandtrl@mail.ru,Female,692-281-9083
Norah,Pavis,npavisrm@shinystat.com,Female,257-847-5401
Mufi,Rubanenko,mrubanenkorn@ask.com,Female,284-639-8458
Shelton,Jevon,sjevonro@twitpic.com,Male,373-747-5595
Gibby,Ganter,gganterrp@sakura.ne.jp,Male,134-211-6311
Leona,Raylton,lrayltonrq@opera.com,Female,233-313-5116
Kimberlyn,Parrin,kparrinrr@amazon.co.jp,Female,434-294-7660
